{
	"events": [
		{
			"character": "character-1635246939.json",
			"event_id": "dialogic_001",
			"portrait": "Buddy",
			"text": "Woah! My CPU hurtz"
		},
		{
			"character": "character-1635246939.json",
			"event_id": "dialogic_001",
			"portrait": "Buddy",
			"text": "I- I cant remember a thing"
		},
		{
			"character": "character-1635246939.json",
			"event_id": "dialogic_001",
			"portrait": "Buddy",
			"text": "How do i move?\nImma just pick out some random keys"
		},
		{
			"character": "character-1635246939.json",
			"event_id": "dialogic_001",
			"portrait": "Buddy",
			"text": "My Hardrive must not be in me\nI suspect its at the top, near the clouds"
		},
		{
			"character": "character-1635246939.json",
			"event_id": "dialogic_001",
			"portrait": "Buddy",
			"text": "Don't ask me how i know that, \njust get it for me"
		}
	],
	"metadata": {
		"dialogic-version": "1.3",
		"file": "timeline-1635247594.json",
		"name": "Start"
	}
}
