{
	"events": [
		{
			"character": "character-1635246939.json",
			"event_id": "dialogic_001",
			"portrait": "Buddy",
			"text": "Woah Thanks!"
		},
		{
			"character": "character-1635246939.json",
			"event_id": "dialogic_001",
			"portrait": "Buddy",
			"text": "Apparently in my memory it says that \ni need to use WASD to move"
		},
		{
			"character": "character-1635246939.json",
			"event_id": "dialogic_001",
			"portrait": "",
			"text": "Why didn't you tell me that?"
		},
		{
			"character": "character-1635246939.json",
			"event_id": "dialogic_001",
			"portrait": "",
			"text": "Anyways you better get going"
		},
		{
			"character": "character-1635246939.json",
			"event_id": "dialogic_001",
			"portrait": "",
			"text": "You forgot you have a life to life"
		}
	],
	"metadata": {
		"dialogic-version": "1.3",
		"file": "timeline-1635251895.json",
		"name": "Win"
	}
}
